data,receita_diaria,qtd_diaria,ano,mes,dia_semana,fim_de_semana
2011-01-01,7156.54,2.0,2011,1,5,1
2011-01-02,15012.1782,5.0,2011,1,6,1
2011-01-03,14313.08,4.0,2011,1,0,0
2011-01-04,7855.638199999999,3.0,2011,1,1,0
2011-01-05,7855.638199999999,3.0,2011,1,2,0
2011-01-06,20909.78,6.0,2011,1,3,0
2011-01-07,10556.529999999999,3.0,2011,1,4,0
2011-01-08,14313.08,4.0,2011,1,5,1
2011-01-09,14134.8,4.0,2011,1,6,1
2011-01-10,7156.54,2.0,2011,1,0,0
2011-01-11,25047.89,7.0,2011,1,1,0
2011-01-12,11230.6282,4.0,2011,1,2,0
2011-01-13,14313.08,4.0,2011,1,3,0
2011-01-14,14134.8,4.0,2011,1,4,0
2011-01-15,6953.26,2.0,2011,1,5,1
2011-01-16,25568.7082,8.0,2011,1,6,1
2011-01-17,11255.6282,4.0,2011,1,0,0
2011-01-18,14313.08,4.0,2011,1,1,0
2011-01-19,38241.29,11.0,2011,1,2,0
2011-01-20,15012.1782,5.0,2011,1,3,0
2011-01-21,10734.81,3.0,2011,1,4,0
2011-01-22,11433.9082,4.0,2011,1,5,1
2011-01-23,17534.79,5.0,2011,1,6,1
2011-01-24,28041.32,8.0,2011,1,0,0
2011-01-25,19785.3646,8.0,2011,1,1,0
2011-01-26,17688.07,5.0,2011,1,2,0
2011-01-27,14402.338199999998,5.0,2011,1,3,0
2011-01-28,15012.1782,5.0,2011,1,4,0
2011-01-29,17891.35,5.0,2011,1,5,1
2011-01-30,10734.81,3.0,2011,1,6,1
2011-01-31,11230.6282,4.0,2011,1,0,0
2011-02-01,17534.79,5.0,2011,2,1,0
2011-02-02,15711.2764,6.0,2011,2,2,0
2011-02-03,25390.4282,8.0,2011,2,3,0
2011-02-04,14313.08,4.0,2011,2,4,0
2011-02-05,11255.6282,4.0,2011,2,5,1
2011-02-06,13906.52,4.0,2011,2,6,1
2011-02-07,21088.059999999998,6.0,2011,2,0,0
2011-02-08,17891.35,5.0,2011,2,1,0
2011-02-09,21469.62,6.0,2011,2,2,0
2011-02-10,11929.7264,5.0,2011,2,3,0
2011-02-11,14313.08,4.0,2011,2,4,0
2011-02-12,21113.059999999998,6.0,2011,2,5,1
2011-02-13,0.0,0.0,2011,2,6,1
2011-02-14,3578.27,1.0,2011,2,0,0
2011-02-15,21266.34,6.0,2011,2,1,0
2011-02-16,17109.4728,8.0,2011,2,2,0
2011-02-17,21266.34,6.0,2011,2,3,0
2011-02-18,28016.32,8.0,2011,2,4,0
2011-02-19,17688.07,5.0,2011,2,5,1
2011-02-20,10531.529999999999,3.0,2011,2,6,1
2011-02-21,28968.6982,9.0,2011,2,0,0
2011-02-22,7652.3582,3.0,2011,2,1,0
2011-02-23,24691.329999999998,7.0,2011,2,2,0
2011-02-24,7156.54,2.0,2011,2,3,0
2011-02-25,7156.54,2.0,2011,2,4,0
2011-02-26,19785.3646,8.0,2011,2,5,1
2011-02-27,24691.329999999998,7.0,2011,2,6,1
2011-02-28,20859.78,6.0,2011,2,0,0
2011-03-01,14313.08,4.0,2011,3,1,0
2011-03-02,35782.7,10.0,2011,3,2,0
2011-03-03,11433.9082,4.0,2011,3,3,0
2011-03-04,21113.059999999998,6.0,2011,3,4,0
2011-03-05,10734.81,3.0,2011,3,5,1
2011-03-06,22168.7182,7.0,2011,3,6,1
2011-03-07,15012.1782,5.0,2011,3,0,0
2011-03-08,10734.81,3.0,2011,3,1,0
2011-03-09,24463.05,7.0,2011,3,2,0
2011-03-10,10734.81,3.0,2011,3,3,0
2011-03-11,0.0,0.0,2011,3,4,0
2011-03-12,6978.26,2.0,2011,3,5,1
2011-03-13,8351.4564,4.0,2011,3,6,1
2011-03-14,17891.35,5.0,2011,3,0,0
2011-03-15,14313.08,4.0,2011,3,1,0
2011-03-16,15012.1782,5.0,2011,3,2,0
2011-03-17,13956.52,4.0,2011,3,3,0
2011-03-18,17891.35,5.0,2011,3,4,0
2011-03-19,25568.7082,8.0,2011,3,5,1
2011-03-20,7156.54,2.0,2011,3,6,1
2011-03-21,22307.9764,8.0,2011,3,0,0
2011-03-22,21469.62,6.0,2011,3,1,0
2011-03-23,22168.7182,7.0,2011,3,2,0
2011-03-24,10734.81,3.0,2011,3,3,0
2011-03-25,10734.81,3.0,2011,3,4,0
2011-03-26,15012.1782,5.0,2011,3,5,1
2011-03-27,27145.1846,10.0,2011,3,6,1
2011-03-28,4277.3682,2.0,2011,3,0,0
2011-03-29,699.0982,1.0,2011,3,1,0
2011-03-30,35782.7,10.0,2011,3,2,0
2011-03-31,11255.6282,4.0,2011,3,3,0
2011-04-01,10531.529999999999,3.0,2011,4,4,0
2011-04-02,14313.08,4.0,2011,4,5,1
2011-04-03,7156.54,2.0,2011,4,6,1
2011-04-04,25187.1482,8.0,2011,4,0,0
2011-04-05,7652.3582,3.0,2011,4,1,0
2011-04-06,11433.9082,4.0,2011,4,2,0
2011-04-07,33246.066399999996,11.0,2011,4,3,0
2011-04-08,29121.9782,9.0,2011,4,4,0
2011-04-09,17891.35,5.0,2011,4,5,1
2011-04-10,28016.32,8.0,2011,4,6,1
2011-04-11,42557.68,12.0,2011,4,0,0
2011-04-12,18233.8882,6.0,2011,4,1,0
2011-04-13,10734.81,3.0,2011,4,2,0
2011-04-14,6953.26,2.0,2011,4,3,0
2011-04-15,18183.8882,6.0,2011,4,4,0
2011-04-16,10531.529999999999,3.0,2011,4,5,1
2011-04-17,28447.88,8.0,2011,4,6,1
2011-04-18,15012.1782,5.0,2011,4,0,0
2011-04-19,21469.62,6.0,2011,4,1,0
2011-04-20,10734.81,3.0,2011,4,2,0
2011-04-21,11255.6282,4.0,2011,4,3,0
2011-04-22,15012.1782,5.0,2011,4,4,0
2011-04-23,0.0,0.0,2011,4,5,1
2011-04-24,3578.27,1.0,2011,4,6,1
2011-04-25,7156.54,2.0,2011,4,0,0
2011-04-26,30024.3564,10.0,2011,4,1,0
2011-04-27,15012.1782,5.0,2011,4,2,0
2011-04-28,23884.4528,10.0,2011,4,3,0
2011-04-29,21990.4382,7.0,2011,4,4,0
2011-04-30,6749.98,2.0,2011,4,5,1
2011-05-01,20731.5,6.0,2011,5,6,1
2011-05-02,10734.81,3.0,2011,5,0,0
2011-05-03,13931.52,4.0,2011,5,1,0
2011-05-04,18412.1682,6.0,2011,5,2,0
2011-05-05,21990.4382,7.0,2011,5,3,0
2011-05-06,17509.79,5.0,2011,5,4,0
2011-05-07,26446.0864,9.0,2011,5,5,1
2011-05-08,28626.16,8.0,2011,5,6,1
2011-05-09,14313.08,4.0,2011,5,0,0
2011-05-10,21762.158199999998,7.0,2011,5,1,0
2011-05-11,21469.62,6.0,2011,5,2,0
2011-05-12,19289.5464,7.0,2011,5,3,0
2011-05-13,27709.76,8.0,2011,5,4,0
2011-05-14,28740.4182,9.0,2011,5,5,1
2011-05-15,15507.9964,6.0,2011,5,6,1
2011-05-16,24844.61,7.0,2011,5,0,0
2011-05-17,11433.9082,4.0,2011,5,1,0
2011-05-18,10556.529999999999,3.0,2011,5,2,0
2011-05-19,18590.4482,6.0,2011,5,3,0
2011-05-20,14833.8982,5.0,2011,5,4,0
2011-05-21,21113.059999999998,6.0,2011,5,5,1
2011-05-22,4277.3682,2.0,2011,5,6,1
2011-05-23,11433.9082,4.0,2011,5,0,0
2011-05-24,24641.329999999998,7.0,2011,5,1,0
2011-05-25,10531.529999999999,3.0,2011,5,2,0
2011-05-26,18590.4482,6.0,2011,5,3,0
2011-05-27,7855.6382,3.0,2011,5,4,0
2011-05-28,21633.8782,7.0,2011,5,5,1
2011-05-29,17891.35,5.0,2011,5,6,1
2011-05-30,18590.4482,6.0,2011,5,0,0
2011-05-31,17688.07,5.0,2011,5,1,0
2011-06-01,25543.7082,8.0,2011,6,2,0
2011-06-02,35401.14,10.0,2011,6,3,0
2011-06-03,14833.8982,5.0,2011,6,4,0
2011-06-04,21063.059999999998,6.0,2011,6,5,1
2011-06-05,17891.35,5.0,2011,6,6,1
2011-06-06,21291.34,6.0,2011,6,0,0
2011-06-07,55454.042799999996,19.0,2011,6,1,0
2011-06-08,17713.07,5.0,2011,6,2,0
2011-06-09,7156.54,2.0,2011,6,3,0
2011-06-10,36481.7982,11.0,2011,6,4,0
2011-06-11,14313.08,4.0,2011,6,5,1
2011-06-12,38191.29,11.0,2011,6,6,1
2011-06-13,17688.07,5.0,2011,6,0,0
2011-06-14,39678.5082,12.0,2011,6,1,0
2011-06-15,21965.4382,7.0,2011,6,2,0
2011-06-16,11230.6282,4.0,2011,6,3,0
2011-06-17,21469.62,6.0,2011,6,4,0
2011-06-18,41076.7046,14.0,2011,6,5,1
2011-06-19,28715.4182,9.0,2011,6,6,1
2011-06-20,26966.9046,10.0,2011,6,0,0
2011-06-21,22168.7182,7.0,2011,6,1,0
2011-06-22,25746.9882,8.0,2011,6,2,0
2011-06-23,15012.1782,5.0,2011,6,3,0
2011-06-24,19086.2664,7.0,2011,6,4,0
2011-06-25,25543.7082,8.0,2011,6,5,1
2011-06-26,14313.08,4.0,2011,6,6,1
2011-06-27,26966.904599999998,10.0,2011,6,0,0
2011-06-28,28219.6,8.0,2011,6,1,0
2011-06-29,24488.05,7.0,2011,6,2,0
2011-06-30,22168.7182,7.0,2011,6,3,0
2011-07-01,11929.7264,5.0,2011,7,4,0
2011-07-02,14313.08,4.0,2011,7,5,1
2011-07-03,28041.32,8.0,2011,7,6,1
2011-07-04,17713.07,5.0,2011,7,0,0
2011-07-05,7855.638199999999,3.0,2011,7,1,0
2011-07-06,21266.34,6.0,2011,7,2,0
2011-07-07,8554.7364,4.0,2011,7,3,0
2011-07-08,25365.4282,8.0,2011,7,4,0
2011-07-09,17891.35,5.0,2011,7,5,1
2011-07-10,14109.8,4.0,2011,7,6,1
2011-07-11,31619.59,9.0,2011,7,0,0
2011-07-12,25047.89,7.0,2011,7,1,0
2011-07-13,7855.6382,3.0,2011,7,2,0
2011-07-14,31669.59,9.0,2011,7,3,0
2011-07-15,21380.5982,7.0,2011,7,4,0
2011-07-16,24666.329999999998,7.0,2011,7,5,1
2011-07-17,25365.4282,8.0,2011,7,6,1
2011-07-18,15711.276399999999,6.0,2011,7,0,0
2011-07-19,18590.4482,6.0,2011,7,1,0
2011-07-20,21469.62,6.0,2011,7,2,0
2011-07-21,24691.329999999998,7.0,2011,7,3,0
2011-07-22,31644.59,9.0,2011,7,4,0
2011-07-23,10734.81,3.0,2011,7,5,1
2011-07-24,25568.7082,8.0,2011,7,6,1
2011-07-25,5675.5646,4.0,2011,7,0,0
2011-07-26,17509.79,5.0,2011,7,1,0
2011-07-27,14833.8982,5.0,2011,7,2,0
2011-07-28,15507.9964,6.0,2011,7,3,0
2011-07-29,11255.6282,4.0,2011,7,4,0
2011-07-30,27145.1846,10.0,2011,7,5,1
2011-07-31,21762.158199999998,7.0,2011,7,6,1
2011-08-01,18590.4482,6.0,2011,8,0,0
2011-08-02,18590.4482,6.0,2011,8,1,0
2011-08-03,24844.61,7.0,2011,8,2,0
2011-08-04,16410.3746,7.0,2011,8,3,0
2011-08-05,20884.78,6.0,2011,8,4,0
2011-08-06,24087.732799999998,10.0,2011,8,5,1
2011-08-07,21088.059999999998,6.0,2011,8,6,1
2011-08-08,14109.8,4.0,2011,8,0,0
2011-08-09,10734.81,3.0,2011,8,1,0
2011-08-10,35401.14,10.0,2011,8,2,0
2011-08-11,40060.0682,12.0,2011,8,3,0
2011-08-12,10531.529999999999,3.0,2011,8,4,0
2011-08-13,24666.329999999998,7.0,2011,8,5,1
2011-08-14,22867.8164,8.0,2011,8,6,1
2011-08-15,21469.62,6.0,2011,8,0,0
2011-08-16,7677.3582,3.0,2011,8,1,0
2011-08-17,14313.08,4.0,2011,8,2,0
2011-08-18,7156.54,2.0,2011,8,3,0
2011-08-19,18590.4482,6.0,2011,8,4,0
2011-08-20,15012.1782,5.0,2011,8,5,1
2011-08-21,3578.27,1.0,2011,8,6,1
2011-08-22,35401.14,10.0,2011,8,0,0
2011-08-23,17891.35,5.0,2011,8,1,0
2011-08-24,29325.2582,9.0,2011,8,2,0
2011-08-25,9253.8346,5.0,2011,8,3,0
2011-08-26,39856.7882,12.0,2011,8,4,0
2011-08-27,10734.81,3.0,2011,8,5,1
2011-08-28,17688.07,5.0,2011,8,6,1
2011-08-29,18387.1682,6.0,2011,8,0,0
2011-08-30,21990.4382,7.0,2011,8,1,0
2011-08-31,23363.6346,9.0,2011,8,2,0
2011-09-01,25543.7082,8.0,2011,9,3,0
2011-09-02,10734.81,3.0,2011,9,4,0
2011-09-03,29146.978199999998,9.0,2011,9,5,1
2011-09-04,28765.4182,9.0,2011,9,6,1
2011-09-05,13906.52,4.0,2011,9,0,0
2011-09-06,18590.4482,6.0,2011,9,1,0
2011-09-07,7156.54,2.0,2011,9,2,0
2011-09-08,20884.78,6.0,2011,9,3,0
2011-09-09,14833.8982,5.0,2011,9,4,0
2011-09-10,32115.408199999998,10.0,2011,9,5,1
2011-09-11,11255.6282,4.0,2011,9,6,1
2011-09-12,29617.7964,10.0,2011,9,0,0
2011-09-13,17891.35,5.0,2011,9,1,0
2011-09-14,25732.966399999998,9.0,2011,9,2,0
2011-09-15,22867.8164,8.0,2011,9,3,0
2011-09-16,11433.9082,4.0,2011,9,4,0
2011-09-17,31847.87,9.0,2011,9,5,1
2011-09-18,14313.08,4.0,2011,9,6,1
2011-09-19,20884.78,6.0,2011,9,0,0
2011-09-20,17688.07,5.0,2011,9,1,0
2011-09-21,42354.4,12.0,2011,9,2,0
2011-09-22,17688.07,5.0,2011,9,3,0
2011-09-23,26267.8064,9.0,2011,9,4,0
2011-09-24,10734.81,3.0,2011,9,5,1
2011-09-25,28626.16,8.0,2011,9,6,1
2011-09-26,21266.34,6.0,2011,9,0,0
2011-09-27,14313.08,4.0,2011,9,1,0
2011-09-28,13931.52,4.0,2011,9,2,0
2011-09-29,12133.0064,5.0,2011,9,3,0
2011-09-30,10556.529999999999,3.0,2011,9,4,0
2011-10-01,29121.978199999998,9.0,2011,10,5,1
2011-10-02,24641.329999999998,7.0,2011,10,6,1
2011-10-03,17688.07,5.0,2011,10,0,0
2011-10-04,14833.8982,5.0,2011,10,1,0
2011-10-05,26039.5264,9.0,2011,10,2,0
2011-10-06,10734.81,3.0,2011,10,3,0
2011-10-07,17891.35,5.0,2011,10,4,0
2011-10-08,14808.8982,5.0,2011,10,5,1
2011-10-09,20884.78,6.0,2011,10,6,1
2011-10-10,36774.3364,12.0,2011,10,0,0
2011-10-11,13931.52,4.0,2011,10,1,0
2011-10-12,7855.638199999999,3.0,2011,10,2,0
2011-10-13,46135.95,13.0,2011,10,3,0
2011-10-14,24309.77,7.0,2011,10,4,0
2011-10-15,31847.87,9.0,2011,10,5,1
2011-10-16,22168.7182,7.0,2011,10,6,1
2011-10-17,11230.6282,4.0,2011,10,0,0
2011-10-18,33196.066399999996,11.0,2011,10,1,0
2011-10-19,14630.618199999999,5.0,2011,10,2,0
2011-10-20,14134.8,4.0,2011,10,3,0
2011-10-21,32725.248199999998,10.0,2011,10,4,0
2011-10-22,11230.6282,4.0,2011,10,5,1
2011-10-23,22307.9764,8.0,2011,10,6,1
2011-10-24,14313.08,4.0,2011,10,0,0
2011-10-25,32001.15,9.0,2011,10,1,0
2011-10-26,16410.3746,7.0,2011,10,2,0
2011-10-27,38979.409999999996,11.0,2011,10,3,0
2011-10-28,40174.3264,13.0,2011,10,4,0
2011-10-29,37180.8964,12.0,2011,10,5,1
2011-10-30,17891.35,5.0,2011,10,6,1
2011-10-31,12133.0064,5.0,2011,10,0,0
2011-11-01,38979.409999999996,11.0,2011,11,1,0
2011-11-02,11751.446399999999,5.0,2011,11,2,0
2011-11-03,22982.0746,9.0,2011,11,3,0
2011-11-04,14630.618199999999,5.0,2011,11,4,0
2011-11-05,32521.9682,10.0,2011,11,5,1
2011-11-06,21266.34,6.0,2011,11,6,1
2011-11-07,7652.3582,3.0,2011,11,0,0
2011-11-08,13931.52,4.0,2011,11,1,0
2011-11-09,32001.15,9.0,2011,11,2,0
2011-11-10,40021.0464,13.0,2011,11,3,0
2011-11-11,21063.059999999998,6.0,2011,11,4,0
2011-11-12,22168.7182,7.0,2011,11,5,1
2011-11-13,30316.8946,11.0,2011,11,6,1
2011-11-14,31644.59,9.0,2011,11,0,0
2011-11-15,28447.88,8.0,2011,11,1,0
2011-11-16,15329.7164,6.0,2011,11,2,0
2011-11-17,21291.34,6.0,2011,11,3,0
2011-11-18,21266.34,6.0,2011,11,4,0
2011-11-19,21266.34,6.0,2011,11,5,1
2011-11-20,24641.329999999998,7.0,2011,11,6,1
2011-11-21,22828.794599999997,9.0,2011,11,0,0
2011-11-22,28943.6982,9.0,2011,11,1,0
2011-11-23,18590.4482,6.0,2011,11,2,0
2011-11-24,14808.8982,5.0,2011,11,3,0
2011-11-25,14808.8982,5.0,2011,11,4,0
2011-11-26,3578.27,1.0,2011,11,5,1
2011-11-27,21965.4382,7.0,2011,11,6,1
2011-11-28,7652.3582,3.0,2011,11,0,0
2011-11-29,14313.08,4.0,2011,11,1,0
2011-11-30,39881.7882,12.0,2011,11,2,0
2011-12-01,7652.3582,3.0,2011,12,3,0
2011-12-02,21787.158199999998,7.0,2011,12,4,0
2011-12-03,18412.1682,6.0,2011,12,5,1
2011-12-04,24666.329999999998,7.0,2011,12,6,1
2011-12-05,25187.1482,8.0,2011,12,0,0
2011-12-06,28422.88,8.0,2011,12,1,0
2011-12-07,17534.79,5.0,2011,12,2,0
2011-12-08,25365.4282,8.0,2011,12,3,0
2011-12-09,17713.07,5.0,2011,12,4,0
2011-12-10,33920.1646,12.0,2011,12,5,1
2011-12-11,8173.176399999999,4.0,2011,12,6,1
2011-12-12,13956.52,4.0,2011,12,0,0
2011-12-13,15711.276399999999,6.0,2011,12,1,0
2011-12-14,7156.54,2.0,2011,12,2,0
2011-12-15,18590.4482,6.0,2011,12,3,0
2011-12-16,27462.7228,11.0,2011,12,4,0
2011-12-17,40352.6064,13.0,2011,12,5,1
2011-12-18,21787.158199999998,7.0,2011,12,6,1
2011-12-19,29121.978199999998,9.0,2011,12,0,0
2011-12-20,17713.07,5.0,2011,12,1,0
2011-12-21,44273.4146,15.0,2011,12,2,0
2011-12-22,21990.4382,7.0,2011,12,3,0
2011-12-23,17713.07,5.0,2011,12,4,0
2011-12-24,24641.329999999998,7.0,2011,12,5,1
2011-12-25,32001.15,9.0,2011,12,6,1
2011-12-26,14808.8982,5.0,2011,12,0,0
2011-12-27,28219.6,8.0,2011,12,1,0
2011-12-28,18233.8882,6.0,2011,12,2,0
2011-12-29,14497.731,8.0,2011,12,3,0
2011-12-30,3964.99,3.0,2011,12,4,0
2011-12-31,28400.0007,13.0,2011,12,5,1
2012-01-01,16331.0121,9.0,2012,1,6,1
2012-01-02,21177.2553,10.0,2012,1,0,0
2012-01-03,22461.4989,11.0,2012,1,1,0
2012-01-04,18077.866,9.0,2012,1,2,0
2012-01-05,13480.4857,6.0,2012,1,3,0
2012-01-06,11056.315999999999,5.0,2012,1,4,0
2012-01-07,9894.095,7.0,2012,1,5,1
2012-01-08,19769.286,12.0,2012,1,6,1
2012-01-09,17471.6803,8.0,2012,1,0,0
2012-01-10,22918.712,12.0,2012,1,1,0
2012-01-11,21941.807099999998,10.0,2012,1,2,0
2012-01-12,7851.2525,4.0,2012,1,3,0
2012-01-13,11709.9828,6.0,2012,1,4,0
2012-01-14,25195.9821,11.0,2012,1,5,1
2012-01-15,10939.9174,7.0,2012,1,6,1
2012-01-16,15176.0917,8.0,2012,1,0,0
2012-01-17,19365.2507,10.0,2012,1,1,0
2012-01-18,20937.4864,10.0,2012,1,2,0
2012-01-19,16056.3,7.0,2012,1,3,0
2012-01-20,15529.5839,7.0,2012,1,4,0
2012-01-21,11250.7,6.0,2012,1,5,1
2012-01-22,17007.7424,9.0,2012,1,6,1
2012-01-23,9638.5632,5.0,2012,1,0,0
2012-01-24,18926.006699999998,10.0,2012,1,1,0
2012-01-25,9616.544600000001,5.0,2012,1,2,0
2012-01-26,12693.6125,6.0,2012,1,3,0
2012-01-27,17244.836,10.0,2012,1,4,0
2012-01-28,19782.566,9.0,2012,1,5,1
2012-01-29,16261.2096,9.0,2012,1,6,1
2012-01-30,13647.893199999999,8.0,2012,1,0,0
2012-01-31,11952.59,6.0,2012,1,1,0
2012-02-01,18929.8899,9.0,2012,2,2,0
2012-02-02,15923.8357,7.0,2012,2,3,0
2012-02-03,24183.3095,12.0,2012,2,4,0
2012-02-04,23229.494599999998,11.0,2012,2,5,1
2012-02-05,15943.784599999999,8.0,2012,2,6,1
2012-02-06,14674.5353,8.0,2012,2,0,0
2012-02-07,7412.6607,4.0,2012,2,1,0
2012-02-08,8501.7782,5.0,2012,2,2,0
2012-02-09,20022.0321,9.0,2012,2,3,0
2012-02-10,26391.0766,12.0,2012,2,4,0
2012-02-11,18225.6274,10.0,2012,2,5,1
2012-02-12,22547.2507,12.0,2012,2,6,1
2012-02-13,9550.7417,5.0,2012,2,0,0
2012-02-14,18247.646,10.0,2012,2,1,0
2012-02-15,16397.557099999998,8.0,2012,2,2,0
2012-02-16,23598.2839,11.0,2012,2,3,0
2012-02-17,21889.7007,12.0,2012,2,4,0
2012-02-18,19015.6417,10.0,2012,2,5,1
2012-02-19,20281.447099999998,10.0,2012,2,6,1
2012-02-20,11059.4571,5.0,2012,2,0,0
2012-02-21,20145.0996,11.0,2012,2,1,0
2012-02-22,20517.3328,11.0,2012,2,2,0
2012-02-23,20835.5264,13.0,2012,2,3,0
2012-02-24,18683.8653,11.0,2012,2,4,0
2012-02-25,16577.5025,8.0,2012,2,5,1
2012-02-26,12824.4464,6.0,2012,2,6,1
2012-02-27,15220.431700000001,8.0,2012,2,0,0
2012-02-28,23309.8227,12.0,2012,2,1,0
2012-02-29,2854.4096,2.0,2012,2,2,0
2012-03-01,11554.455,7.0,2012,3,3,0
2012-03-02,16814.1303,8.0,2012,3,4,0
2012-03-03,10443.8746,6.0,2012,3,5,1
2012-03-04,8726.25,4.0,2012,3,6,1
2012-03-05,8988.0375,4.0,2012,3,0,0
2012-03-06,3226.34,2.0,2012,3,1,0
2012-03-07,18755.9239,9.0,2012,3,2,0
2012-03-08,15933.922,9.0,2012,3,3,0
2012-03-09,16856.0978,9.0,2012,3,4,0
2012-03-10,15371.2178,8.0,2012,3,5,1
2012-03-11,9783.9521,7.0,2012,3,6,1
2012-03-12,18462.721,11.0,2012,3,0,0
2012-03-13,16369.8385,10.0,2012,3,1,0
2012-03-14,8855.573199999999,4.0,2012,3,2,0
2012-03-15,8262.3121,5.0,2012,3,3,0
2012-03-16,9726.6875,5.0,2012,3,4,0
2012-03-17,18668.1024,9.0,2012,3,5,1
2012-03-18,14257.220000000001,9.0,2012,3,6,1
2012-03-19,9868.935300000001,7.0,2012,3,0,0
2012-03-20,10904.6714,5.0,2012,3,1,0
2012-03-21,8328.115,5.0,2012,3,2,0
2012-03-22,8602.8271,7.0,2012,3,3,0
2012-03-23,15697.2942,9.0,2012,3,4,0
2012-03-24,9372.8925,6.0,2012,3,5,1
2012-03-25,19363.2709,10.0,2012,3,6,1
2012-03-26,5013.6507,3.0,2012,3,0,0
2012-03-27,2854.4096,2.0,2012,3,1,0
2012-03-28,12950.1892,7.0,2012,3,2,0
2012-03-29,13599.67,9.0,2012,3,3,0
2012-03-30,13143.4985,8.0,2012,3,4,0
2012-03-31,12726.925299999999,8.0,2012,3,5,1
2012-04-01,15551.9053,7.0,2012,4,6,1
2012-04-02,12798.544600000001,7.0,2012,4,0,0
2012-04-03,5035.9721,3.0,2012,4,1,0
2012-04-04,12183.7042,7.0,2012,4,2,0
2012-04-05,11488.6521,7.0,2012,4,3,0
2012-04-06,13869.5267,7.0,2012,4,4,0
2012-04-07,6958.1196,3.0,2012,4,5,1
2012-04-08,8593.7857,4.0,2012,4,6,1
2012-04-09,15574.2267,7.0,2012,4,0,0
2012-04-10,17916.6382,12.0,2012,4,1,0
2012-04-11,24070.7941,13.0,2012,4,2,0
2012-04-12,12627.8096,6.0,2012,4,3,0
2012-04-13,10856.448199999999,6.0,2012,4,4,0
2012-04-14,13687.0224,9.0,2012,4,5,1
2012-04-15,10945.1282,6.0,2012,4,6,1
2012-04-16,13122.222,7.0,2012,4,0,0
2012-04-17,21384.836900000002,12.0,2012,4,1,0
2012-04-18,14342.2032,9.0,2012,4,2,0
2012-04-19,19119.8052,10.0,2012,4,3,0
2012-04-20,12820.5632,7.0,2012,4,4,0
2012-04-21,12183.7042,7.0,2012,4,5,1
2012-04-22,18273.850599999998,9.0,2012,4,6,1
2012-04-23,12423.1703,7.0,2012,4,0,0
2012-04-24,15475.847099999999,9.0,2012,4,1,0
2012-04-25,6806.475,3.0,2012,4,2,0
2012-04-26,10771.465,6.0,2012,4,3,0
2012-04-27,10071.9442,6.0,2012,4,4,0
2012-04-28,23374.1149,12.0,2012,4,5,1
2012-04-29,7191.33,5.0,2012,4,6,1
2012-04-30,10815.805,6.0,2012,4,0,0
2012-05-01,8745.4303,4.0,2012,5,1,0
2012-05-02,10528.8578,6.0,2012,5,2,0
2012-05-03,2443.35,1.0,2012,5,3,0
2012-05-04,7712.5325,6.0,2012,5,4,0
2012-05-05,16046.9032,9.0,2012,5,5,1
2012-05-06,7036.8471,5.0,2012,5,6,1
2012-05-07,13998.849900000001,7.0,2012,5,0,0
2012-05-08,7479.3221,4.0,2012,5,1,0
2012-05-09,13759.081,7.0,2012,5,2,0
2012-05-10,21086.7585,11.0,2012,5,3,0
2012-05-11,10771.465,6.0,2012,5,4,0
2012-05-12,8855.573199999999,4.0,2012,5,5,1
2012-05-13,11321.2446,5.0,2012,5,6,1
2012-05-14,5297.7596,3.0,2012,5,0,0
2012-05-15,15371.2178,8.0,2012,5,1,0
2012-05-16,8761.1932,6.0,2012,5,2,0
2012-05-17,11226.8646,7.0,2012,5,3,0
2012-05-18,7302.5178,4.0,2012,5,4,0
2012-05-19,16503.3477,9.0,2012,5,5,1
2012-05-20,10108.401399999999,7.0,2012,5,6,1
2012-05-21,7479.3221,4.0,2012,5,0,0
2012-05-22,7036.8471,5.0,2012,5,1,0
2012-05-23,17768.411,10.0,2012,5,2,0
2012-05-24,16073.1078,8.0,2012,5,3,0
2012-05-25,10333.7317,6.0,2012,5,4,0
2012-05-26,13709.4575,14.0,2012,5,5,1
2012-05-27,10945.1282,6.0,2012,5,6,1
2012-05-28,10923.1096,6.0,2012,5,0,0
2012-05-29,15652.6514,9.0,2012,5,1,0
2012-05-30,20038.0978,11.0,2012,5,2,0
2012-05-31,14560.5092,9.0,2012,5,3,0
2012-06-01,29610.3024,16.0,2012,6,4,0
2012-06-02,3832.5257,3.0,2012,6,5,1
2012-06-03,20158.0242,13.0,2012,6,6,1
2012-06-04,11640.1803,6.0,2012,6,0,0
2012-06-05,28692.2892,17.0,2012,6,1,0
2012-06-06,18854.1345,11.0,2012,6,2,0
2012-06-07,9913.2753,7.0,2012,6,3,0
2012-06-08,16078.8917,10.0,2012,6,4,0
2012-06-09,24853.7841,14.0,2012,6,5,1
2012-06-10,32050.5113,17.0,2012,6,6,1
2012-06-11,22172.1792,12.0,2012,6,0,0
2012-06-12,25960.178499999998,16.0,2012,6,1,0
2012-06-13,9376.7757,5.0,2012,6,2,0
2012-06-14,15425.8071,11.0,2012,6,3,0
2012-06-15,18267.5949,11.0,2012,6,4,0
2012-06-16,19796.5355,10.0,2012,6,5,1
2012-06-17,28409.5015,14.0,2012,6,6,1
2012-06-18,24809.1413,14.0,2012,6,0,0
2012-06-19,5120.9553,3.0,2012,6,1,0
2012-06-20,19834.317,12.0,2012,6,2,0
2012-06-21,21190.1799,12.0,2012,6,3,0
2012-06-22,22517.4359,13.0,2012,6,4,0
2012-06-23,12028.1764,8.0,2012,6,5,1
2012-06-24,15720.3577,8.0,2012,6,6,1
2012-06-25,15892.4203,9.0,2012,6,0,0
2012-06-26,20363.2892,10.0,2012,6,1,0
2012-06-27,22998.7671,14.0,2012,6,2,0
2012-06-28,15836.0142,7.0,2012,6,3,0
2012-06-29,11311.8478,7.0,2012,6,4,0
2012-06-30,12444.7496,8.0,2012,6,5,1
2012-07-01,19703.483099999998,12.0,2012,7,6,1
2012-07-02,13519.6149,7.0,2012,7,0,0
2012-07-03,18628.9732,8.0,2012,7,1,0
2012-07-04,13497.2935,7.0,2012,7,2,0
2012-07-05,4363.125,2.0,2012,7,3,0
2012-07-06,14623.171,9.0,2012,7,4,0
2012-07-07,15733.2823,10.0,2012,7,5,1
2012-07-08,18141.6891,9.0,2012,7,6,1
2012-07-09,15558.2714,11.0,2012,7,0,0
2012-07-10,13976.5285,7.0,2012,7,1,0
2012-07-11,13254.686300000001,7.0,2012,7,2,0
2012-07-12,20861.731,12.0,2012,7,3,0
2012-07-13,12339.232,6.0,2012,7,4,0
2012-07-14,15997.9081,10.0,2012,7,5,1
2012-07-15,20057.2781,11.0,2012,7,6,1
2012-07-16,11047.222000000002,7.0,2012,7,0,0
2012-07-17,12972.2078,7.0,2012,7,1,0
2012-07-18,9418.2774,5.0,2012,7,2,0
2012-07-19,15176.8338,7.0,2012,7,3,0
2012-07-20,12316.1685,7.0,2012,7,4,0
2012-07-21,16608.7489,10.0,2012,7,5,1
2012-07-22,21357.5874,14.0,2012,7,6,1
2012-07-23,13759.081,7.0,2012,7,0,0
2012-07-24,6298.1971,4.0,2012,7,1,0
2012-07-25,20300.6274,10.0,2012,7,2,0
2012-07-26,5275.4382,3.0,2012,7,3,0
2012-07-27,11450.5678,5.0,2012,7,4,0
2012-07-28,13474.23,8.0,2012,7,5,1
2012-07-29,9240.428199999998,6.0,2012,7,6,1
2012-07-30,17468.5392,8.0,2012,7,0,0
2012-07-31,18137.8059,10.0,2012,7,1,0
2012-08-01,19623.8971,10.0,2012,8,2,0
2012-08-02,11302.451000000001,9.0,2012,8,3,0
2012-08-03,30851.0645,17.0,2012,8,4,0
2012-08-04,16834.8213,8.0,2012,8,5,1
2012-08-05,22601.3742,14.0,2012,8,6,1
2012-08-06,15937.8052,8.0,2012,8,0,0
2012-08-07,17215.7931,11.0,2012,8,1,0
2012-08-08,20491.4012,11.0,2012,8,2,0
2012-08-09,14937.3677,7.0,2012,8,3,0
2012-08-10,8351.1785,4.0,2012,8,4,0
2012-08-11,18597.0887,10.0,2012,8,5,1
2012-08-12,20359.7088,11.0,2012,8,6,1
2012-08-13,18595.1853,11.0,2012,8,0,0
2012-08-14,18592.0442,11.0,2012,8,1,0
2012-08-15,8241.0356,4.0,2012,8,2,0
2012-08-16,24793.3784,12.0,2012,8,3,0
2012-08-17,24439.5834,13.0,2012,8,4,0
2012-08-18,19122.6435,10.0,2012,8,5,1
2012-08-19,17484.3021,10.0,2012,8,6,1
2012-08-20,20287.6502,13.0,2012,8,0,0
2012-08-21,21481.0103,11.0,2012,8,1,0
2012-08-22,4009.33,3.0,2012,8,2,0
2012-08-23,19663.026299999998,11.0,2012,8,3,0
2012-08-24,28936.5003,15.0,2012,8,4,0
2012-08-25,10067.7582,7.0,2012,8,5,1
2012-08-26,5363.5625,3.0,2012,8,6,1
2012-08-27,12771.5681,8.0,2012,8,0,0
2012-08-28,10036.3428,9.0,2012,8,1,0
2012-08-29,19707.6691,11.0,2012,8,2,0
2012-08-30,11315.731,6.0,2012,8,3,0
2012-08-31,11905.1089,6.0,2012,8,4,0
2012-09-01,33055.6905,17.0,2012,9,5,1
2012-09-02,9852.127499999999,6.0,2012,9,6,1
2012-09-03,12985.1324,9.0,2012,9,0,0
2012-09-04,24456.694,14.0,2012,9,1,0
2012-09-05,9134.1685,5.0,2012,9,2,0
2012-09-06,9528.4203,5.0,2012,9,3,0
2012-09-07,13099.1585,8.0,2012,9,4,0
2012-09-08,33090.6337,19.0,2012,9,5,1
2012-09-09,14915.0463,7.0,2012,9,6,1
2012-09-10,16591.1692,9.0,2012,9,0,0
2012-09-11,11211.1017,5.0,2012,9,1,0
2012-09-12,13957.3482,7.0,2012,9,2,0
2012-09-13,18491.2981,9.0,2012,9,3,0
2012-09-14,29939.4934,15.0,2012,9,4,0
2012-09-15,19898.912,12.0,2012,9,5,1
2012-09-16,15794.8992,11.0,2012,9,6,1
2012-09-17,8479.759600000001,5.0,2012,9,0,0
2012-09-18,8687.810300000001,7.0,2012,9,1,0
2012-09-19,12821.3053,6.0,2012,9,2,0
2012-09-20,6797.0782,5.0,2012,9,3,0
2012-09-21,8657.6088,4.0,2012,9,4,0
2012-09-22,11505.4599,8.0,2012,9,5,1
2012-09-23,5686.4978,4.0,2012,9,6,1
2012-09-24,24681.8878,13.0,2012,9,0,0
2012-09-25,17551.2663,10.0,2012,9,1,0
2012-09-26,20934.6481,10.0,2012,9,2,0
2012-09-27,20805.3249,10.0,2012,9,3,0
2012-09-28,19033.7771,11.0,2012,9,4,0
2012-09-29,26338.0819,13.0,2012,9,5,1
2012-09-30,8195.6507,5.0,2012,9,6,1
2012-10-01,19375.034200000002,12.0,2012,10,0,0
2012-10-02,16363.3034,10.0,2012,10,1,0
2012-10-03,8413.0982,5.0,2012,10,2,0
2012-10-04,18831.510299999998,11.0,2012,10,3,0
2012-10-05,23720.8823,13.0,2012,10,4,0
2012-10-06,19119.8052,10.0,2012,10,5,1
2012-10-07,12316.9106,6.0,2012,10,6,1
2012-10-08,24067.653000000002,13.0,2012,10,0,0
2012-10-09,12622.5988,7.0,2012,10,1,0
2012-10-10,29402.3356,18.0,2012,10,2,0
2012-10-11,13693.5809,7.0,2012,10,3,0
2012-10-12,16742.0717,10.0,2012,10,4,0
2012-10-13,13911.028400000001,7.0,2012,10,5,1
2012-10-14,25764.1939,16.0,2012,10,6,1
2012-10-15,22504.5113,11.0,2012,10,0,0
2012-10-16,11094.4003,7.0,2012,10,1,0
2012-10-17,13772.0056,9.0,2012,10,2,0
2012-10-18,5530.97,5.0,2012,10,3,0
2012-10-19,8453.555,6.0,2012,10,4,0
2012-10-20,10159.7657,6.0,2012,10,5,1
2012-10-21,27973.864400000002,15.0,2012,10,6,1
2012-10-22,23318.8641,15.0,2012,10,0,0
2012-10-23,11434.9153,9.0,2012,10,1,0
2012-10-24,19600.3645,11.0,2012,10,2,0
2012-10-25,15940.9463,8.0,2012,10,3,0
2012-10-26,11510.115,7.0,2012,10,4,0
2012-10-27,17193.4717,11.0,2012,10,5,1
2012-10-28,22080.005400000002,13.0,2012,10,6,1
2012-10-29,21870.793400000002,11.0,2012,10,0,0
2012-10-30,21306.5259,15.0,2012,10,1,0
2012-10-31,17070.4042,9.0,2012,10,2,0
2012-11-01,20654.067,14.0,2012,11,3,0
2012-11-02,24977.5937,15.0,2012,11,4,0
2012-11-03,16918.7596,9.0,2012,11,5,1
2012-11-04,25894.561999999998,15.0,2012,11,6,1
2012-11-05,12529.7328,8.0,2012,11,0,0
2012-11-06,10267.0703,6.0,2012,11,1,0
2012-11-07,19305.5345,12.0,2012,11,2,0
2012-11-08,21685.9199,13.0,2012,11,3,0
2012-11-09,11719.0242,9.0,2012,11,4,0
2012-11-10,16663.175199999998,12.0,2012,11,5,1
2012-11-11,15867.2606,9.0,2012,11,6,1
2012-11-12,12157.8024,8.0,2012,11,0,0
2012-11-13,13231.622800000001,8.0,2012,11,1,0
2012-11-14,4624.9125,2.0,2012,11,2,0
2012-11-15,13516.4738,7.0,2012,11,3,0
2012-11-16,16303.4799,10.0,2012,11,4,0
2012-11-17,17724.071,10.0,2012,11,5,1
2012-11-18,20486.6595,12.0,2012,11,6,1
2012-11-19,21560.4799,12.0,2012,11,0,0
2012-11-20,26135.3524,16.0,2012,11,1,0
2012-11-21,11267.5078,7.0,2012,11,2,0
2012-11-22,19686.0898,10.0,2012,11,3,0
2012-11-23,18268.337,10.0,2012,11,4,0
2012-11-24,20228.5688,12.0,2012,11,5,1
2012-11-25,15237.2395,9.0,2012,11,6,1
2012-11-26,27077.3174,15.0,2012,11,0,0
2012-11-27,26456.2213,17.0,2012,11,1,0
2012-11-28,25571.4403,15.0,2012,11,2,0
2012-11-29,22098.024400000002,13.0,2012,11,3,0
2012-11-30,9841.2167,9.0,2012,11,4,0
2012-12-01,13028.6139,9.0,2012,12,5,1
2012-12-02,11962.3735,8.0,2012,12,6,1
2012-12-03,20711.9898,11.0,2012,12,0,0
2012-12-04,17348.2574,11.0,2012,12,1,0
2012-12-05,31240.5448,17.0,2012,12,2,0
2012-12-06,13733.9213,7.0,2012,12,3,0
2012-12-07,24479.0154,14.0,2012,12,4,0
2012-12-08,20345.2702,10.0,2012,12,5,1
2012-12-09,21213.2434,11.0,2012,12,6,1
2012-12-10,19296.6095,10.0,2012,12,0,0
2012-12-11,17238.1145,11.0,2012,12,1,0
2012-12-12,25137.893,14.0,2012,12,2,0
2012-12-13,10263.1871,7.0,2012,12,3,0
2012-12-14,17437.1238,10.0,2012,12,4,0
2012-12-15,14933.4845,8.0,2012,12,5,1
2012-12-16,23565.3545,14.0,2012,12,6,1
2012-12-17,16322.6602,10.0,2012,12,0,0
2012-12-18,24517.266,16.0,2012,12,1,0
2012-12-19,9130.2853,6.0,2012,12,2,0
2012-12-20,15782.277399999999,9.0,2012,12,3,0
2012-12-21,19442.7405,11.0,2012,12,4,0
2012-12-22,15759.956,9.0,2012,12,5,1
2012-12-23,11678.2646,8.0,2012,12,6,1
2012-12-24,28395.532,13.0,2012,12,0,0
2012-12-25,21557.758,13.0,2012,12,1,0
2012-12-26,13210.0435,7.0,2012,12,2,0
2012-12-27,19556.7666,10.0,2012,12,3,0
2012-12-28,23892.13,35.0,2012,12,4,0
2012-12-29,25080.359999999997,42.0,2012,12,5,1
2012-12-30,34815.399999999994,64.0,2012,12,6,1
2012-12-31,43425.729999999996,58.0,2012,12,0,0
2013-01-01,29456.25,39.0,2013,1,1,0
2013-01-02,12775.329999999998,24.0,2013,1,2,0
2013-01-03,32708.449999999997,45.0,2013,1,3,0
2013-01-04,27369.339999999997,38.0,2013,1,4,0
2013-01-05,32681.44,58.0,2013,1,5,1
2013-01-06,21787.019999999997,34.0,2013,1,6,1
2013-01-07,43285.74,69.0,2013,1,0,0
2013-01-08,22765.59,47.0,2013,1,1,0
2013-01-09,29735.14,44.0,2013,1,2,0
2013-01-10,27143.739999999998,39.0,2013,1,3,0
2013-01-11,30792.069999999996,62.0,2013,1,4,0
2013-01-12,24151.719999999998,40.0,2013,1,5,1
2013-01-13,29332.059999999998,42.0,2013,1,6,1
2013-01-14,16864.17,21.0,2013,1,0,0
2013-01-15,17740.48,37.0,2013,1,1,0
2013-01-16,43007.06,76.0,2013,1,2,0
2013-01-17,10662.1,25.0,2013,1,3,0
2013-01-18,29251.129999999997,45.0,2013,1,4,0
2013-01-19,27969.629999999997,34.0,2013,1,5,1
2013-01-20,46251.49,85.0,2013,1,6,1
2013-01-21,24486.969999999998,39.0,2013,1,0,0
2013-01-22,37173.29,44.0,2013,1,1,0
2013-01-23,20063.239999999998,42.0,2013,1,2,0
2013-01-24,21670.41,39.0,2013,1,3,0
2013-01-25,46265.11,64.0,2013,1,4,0
2013-01-26,21245.649999999998,31.0,2013,1,5,1
2013-01-27,32820.6,49.0,2013,1,6,1
2013-01-28,22444.78,110.0,2013,1,0,0
2013-01-29,17544.649999999998,106.0,2013,1,1,0
2013-01-30,34958.32,134.0,2013,1,2,0
2013-01-31,23286.94,100.0,2013,1,3,0
2013-02-01,10631.96,92.0,2013,2,4,0
2013-02-02,31641.039999999997,106.0,2013,2,5,1
2013-02-03,39821.9,144.0,2013,2,6,1
2013-02-04,41050.11,180.0,2013,2,0,0
2013-02-05,36502.49,135.0,2013,2,1,0
2013-02-06,9256.88,88.0,2013,2,2,0
2013-02-07,23441.98,99.0,2013,2,3,0
2013-02-08,38978.88,148.0,2013,2,4,0
2013-02-09,27145.679999999997,133.0,2013,2,5,1
2013-02-10,22354.94,128.0,2013,2,6,1
2013-02-11,8935.53,96.0,2013,2,0,0
2013-02-12,24718.879999999997,135.0,2013,2,1,0
2013-02-13,30727.649999999998,124.0,2013,2,2,0
2013-02-14,43821.13,137.0,2013,2,3,0
2013-02-15,32532.879999999997,149.0,2013,2,4,0
2013-02-16,22848.5,101.0,2013,2,5,1
2013-02-17,22208.329999999998,119.0,2013,2,6,1
2013-02-18,16582.67,64.0,2013,2,0,0
2013-02-19,23768.64,89.0,2013,2,1,0
2013-02-20,38394.42,166.0,2013,2,2,0
2013-02-21,34077.159999999996,152.0,2013,2,3,0
2013-02-22,33445.82,123.0,2013,2,4,0
2013-02-23,16562.79,118.0,2013,2,5,1
2013-02-24,29636.85,130.0,2013,2,6,1
2013-02-25,33871.06,153.0,2013,2,0,0
2013-02-26,30886.489999999998,134.0,2013,2,1,0
2013-02-27,25334.16,126.0,2013,2,2,0
2013-02-28,22169.92,84.0,2013,2,3,0
2013-03-01,39771.1,140.0,2013,3,4,0
2013-03-02,39824.63,118.0,2013,3,5,1
2013-03-03,27876.13,142.0,2013,3,6,1
2013-03-04,37420.71,113.0,2013,3,0,0
2013-03-05,34742.53,109.0,2013,3,1,0
2013-03-06,30966.899999999998,138.0,2013,3,2,0
2013-03-07,36027.71,141.0,2013,3,3,0
2013-03-08,39610.759999999995,154.0,2013,3,4,0
2013-03-09,31852.73,121.0,2013,3,5,1
2013-03-10,22015.54,87.0,2013,3,6,1
2013-03-11,38930.5,163.0,2013,3,0,0
2013-03-12,55983.34,168.0,2013,3,1,0
2013-03-13,36316.7,132.0,2013,3,2,0
2013-03-14,31670.589999999997,136.0,2013,3,3,0
2013-03-15,22219.78,111.0,2013,3,4,0
2013-03-16,25425.579999999998,134.0,2013,3,5,1
2013-03-17,32091.449999999997,152.0,2013,3,6,1
2013-03-18,57809.79,173.0,2013,3,0,0
2013-03-19,46671.49,139.0,2013,3,1,0
2013-03-20,23583.09,133.0,2013,3,2,0
2013-03-21,41473.88,126.0,2013,3,3,0
2013-03-22,36721.22,154.0,2013,3,4,0
2013-03-23,25622.809999999998,112.0,2013,3,5,1
2013-03-24,31296.559999999998,100.0,2013,3,6,1
2013-03-25,28647.12,119.0,2013,3,0,0
2013-03-26,38171.159999999996,148.0,2013,3,1,0
2013-03-27,22332.07,123.0,2013,3,2,0
2013-03-28,22851.989999999998,87.0,2013,3,3,0
2013-03-29,30160.35,128.0,2013,3,4,0
2013-03-30,23935.69,129.0,2013,3,5,1
2013-03-31,37883.49,157.0,2013,3,6,1
2013-04-01,31103.129999999997,133.0,2013,4,0,0
2013-04-02,34252.69,123.0,2013,4,1,0
2013-04-03,40796.04,152.0,2013,4,2,0
2013-04-04,44971.07,185.0,2013,4,3,0
2013-04-05,25428.94,128.0,2013,4,4,0
2013-04-06,45482.01,187.0,2013,4,5,1
2013-04-07,39051.42,145.0,2013,4,6,1
2013-04-08,27693.899999999998,135.0,2013,4,0,0
2013-04-09,39658.49,121.0,2013,4,1,0
2013-04-10,37216.36,124.0,2013,4,2,0
2013-04-11,34319.74,118.0,2013,4,3,0
2013-04-12,37204.909999999996,143.0,2013,4,4,0
2013-04-13,37378.34,163.0,2013,4,5,1
2013-04-14,26819.84,91.0,2013,4,6,1
2013-04-15,36773.11,121.0,2013,4,0,0
2013-04-16,45650.09,140.0,2013,4,1,0
2013-04-17,39352.119999999995,112.0,2013,4,2,0
2013-04-18,22301.67,133.0,2013,4,3,0
2013-04-19,34310.93,125.0,2013,4,4,0
2013-04-20,43325.979999999996,165.0,2013,4,5,1
2013-04-21,38076.7,144.0,2013,4,6,1
2013-04-22,17996.06,104.0,2013,4,0,0
2013-04-23,27583.84,125.0,2013,4,1,0
2013-04-24,44684.93,159.0,2013,4,2,0
2013-04-25,31332.809999999998,104.0,2013,4,3,0
2013-04-26,35940.799999999996,120.0,2013,4,4,0
2013-04-27,27813.41,117.0,2013,4,5,1
2013-04-28,36069.57,122.0,2013,4,6,1
2013-04-29,36041.5,121.0,2013,4,0,0
2013-04-30,27392.37,119.0,2013,4,1,0
2013-05-01,38023.42,126.0,2013,5,2,0
2013-05-02,49081.4,178.0,2013,5,3,0
2013-05-03,28476.54,140.0,2013,5,4,0
2013-05-04,32476.96,119.0,2013,5,5,1
2013-05-05,38762.57,125.0,2013,5,6,1
2013-05-06,39303.619999999995,157.0,2013,5,0,0
2013-05-07,28390.219999999998,102.0,2013,5,1,0
2013-05-08,46553.409999999996,126.0,2013,5,2,0
2013-05-09,52843.56,140.0,2013,5,3,0
2013-05-10,18442.19,85.0,2013,5,4,0
2013-05-11,36868.67,136.0,2013,5,5,1
2013-05-12,36145.21,140.0,2013,5,6,1
2013-05-13,36084.74,152.0,2013,5,0,0
2013-05-14,41838.99,152.0,2013,5,1,0
2013-05-15,38193.159999999996,118.0,2013,5,2,0
2013-05-16,41496.52,143.0,2013,5,3,0
2013-05-17,39300.189999999995,164.0,2013,5,4,0
2013-05-18,43510.92,158.0,2013,5,5,1
2013-05-19,26966.2,89.0,2013,5,6,1
2013-05-20,38025.5,151.0,2013,5,0,0
2013-05-21,58402.96,173.0,2013,5,1,0
2013-05-22,38000.759999999995,121.0,2013,5,2,0
2013-05-23,61004.74999999999,185.0,2013,5,3,0
2013-05-24,35148.85,108.0,2013,5,4,0
2013-05-25,42799.34,137.0,2013,5,5,1
2013-05-26,50332.82,158.0,2013,5,6,1
2013-05-27,53495.71,160.0,2013,5,0,0
2013-05-28,45631.11,160.0,2013,5,1,0
2013-05-29,33988.45,152.0,2013,5,2,0
2013-05-30,63052.59,170.0,2013,5,3,0
2013-05-31,51951.6,174.0,2013,5,4,0
2013-06-01,62935.46,178.0,2013,6,5,1
2013-06-02,51323.58,175.0,2013,6,6,1
2013-06-03,55816.68,167.0,2013,6,0,0
2013-06-04,72376.45999999999,201.0,2013,6,1,0
2013-06-05,77359.34,241.0,2013,6,2,0
2013-06-06,47438.009999999995,164.0,2013,6,3,0
2013-06-07,46708.25,148.0,2013,6,4,0
2013-06-08,28462.059999999998,122.0,2013,6,5,1
2013-06-09,57790.02,178.0,2013,6,6,1
2013-06-10,69712.48999999999,189.0,2013,6,0,0
2013-06-11,59151.7,192.0,2013,6,1,0
2013-06-12,60327.799999999996,155.0,2013,6,2,0
2013-06-13,57660.17999999999,194.0,2013,6,3,0
2013-06-14,36793.07,130.0,2013,6,4,0
2013-06-15,49744.409999999996,167.0,2013,6,5,1
2013-06-16,67078.76,186.0,2013,6,6,1
2013-06-17,63750.549999999996,175.0,2013,6,0,0
2013-06-18,67958.68,165.0,2013,6,1,0
2013-06-19,63875.149999999994,169.0,2013,6,2,0
2013-06-20,34686.29,105.0,2013,6,3,0
2013-06-21,54909.799999999996,161.0,2013,6,4,0
2013-06-22,43262.2,171.0,2013,6,5,1
2013-06-23,51595.56,166.0,2013,6,6,1
2013-06-24,60689.65,178.0,2013,6,0,0
2013-06-25,48388.78,134.0,2013,6,1,0
2013-06-26,54856.92,170.0,2013,6,2,0
2013-06-27,53955.43,187.0,2013,6,3,0
2013-06-28,59653.149999999994,158.0,2013,6,4,0
2013-06-29,58523.149999999994,200.0,2013,6,5,1
2013-06-30,26394.2,99.0,2013,6,6,1
2013-07-01,42043.5,138.0,2013,7,0,0
2013-07-02,46519.079999999994,142.0,2013,7,1,0
2013-07-03,39773.729999999996,140.0,2013,7,2,0
2013-07-04,38727.369999999995,152.0,2013,7,3,0
2013-07-05,35559.61,151.0,2013,7,4,0
2013-07-06,53206.93,158.0,2013,7,5,1
2013-07-07,49743.61,176.0,2013,7,6,1
2013-07-08,35343.95,122.0,2013,7,0,0
2013-07-09,48424.34,192.0,2013,7,1,0
2013-07-10,48800.979999999996,165.0,2013,7,2,0
2013-07-11,46615.6,121.0,2013,7,3,0
2013-07-12,41774.31,123.0,2013,7,4,0
2013-07-13,45260.829999999994,152.0,2013,7,5,1
2013-07-14,50908.56,166.0,2013,7,6,1
2013-07-15,43804.24,171.0,2013,7,0,0
2013-07-16,30545.37,124.0,2013,7,1,0
2013-07-17,29326.14,161.0,2013,7,2,0
2013-07-18,34962.34,131.0,2013,7,3,0
2013-07-19,59580.22,198.0,2013,7,4,0
2013-07-20,37738.08,138.0,2013,7,5,1
2013-07-21,43055.6,127.0,2013,7,6,1
2013-07-22,37773.27,113.0,2013,7,0,0
2013-07-23,68970.86,178.0,2013,7,1,0
2013-07-24,33463.93,127.0,2013,7,2,0
2013-07-25,44681.119999999995,156.0,2013,7,3,0
2013-07-26,53211.18,146.0,2013,7,4,0
2013-07-27,53248.189999999995,183.0,2013,7,5,1
2013-07-28,40887.25,142.0,2013,7,6,1
2013-07-29,43494.159999999996,145.0,2013,7,0,0
2013-07-30,36406.4,148.0,2013,7,1,0
2013-07-31,57825.06,185.0,2013,7,2,0
2013-08-01,49410.45,148.0,2013,8,3,0
2013-08-02,56973.43,189.0,2013,8,4,0
2013-08-03,48906.9,130.0,2013,8,5,1
2013-08-04,54848.9,178.0,2013,8,6,1
2013-08-05,47478.02,164.0,2013,8,0,0
2013-08-06,70142.65,165.0,2013,8,1,0
2013-08-07,66423.71,164.0,2013,8,2,0
2013-08-08,42199.229999999996,142.0,2013,8,3,0
2013-08-09,48412.649999999994,169.0,2013,8,4,0
2013-08-10,38029.71,124.0,2013,8,5,1
2013-08-11,33475.59,166.0,2013,8,6,1
2013-08-12,41296.759999999995,150.0,2013,8,0,0
2013-08-13,52286.25,141.0,2013,8,1,0
2013-08-14,65555.20999999999,162.0,2013,8,2,0
2013-08-15,37642.02,129.0,2013,8,3,0
2013-08-16,60644.909999999996,196.0,2013,8,4,0
2013-08-17,57640.52,197.0,2013,8,5,1
2013-08-18,41830.219999999994,165.0,2013,8,6,1
2013-08-19,81544.48999999999,237.0,2013,8,0,0
2013-08-20,44359.31,174.0,2013,8,1,0
2013-08-21,43188.759999999995,134.0,2013,8,2,0
2013-08-22,45702.76,142.0,2013,8,3,0
2013-08-23,59517.25,160.0,2013,8,4,0
2013-08-24,28612.329999999998,103.0,2013,8,5,1
2013-08-25,35486.67,119.0,2013,8,6,1
2013-08-26,45611.25,179.0,2013,8,0,0
2013-08-27,59566.28,164.0,2013,8,1,0
2013-08-28,47868.54,140.0,2013,8,2,0
2013-08-29,69621.2,171.0,2013,8,3,0
2013-08-30,40538.88,133.0,2013,8,4,0
2013-08-31,36250.71,130.0,2013,8,5,1
2013-09-01,36020.22,149.0,2013,9,6,1
2013-09-02,57438.86,146.0,2013,9,0,0
2013-09-03,29882.01,137.0,2013,9,1,0
2013-09-04,50020.68,163.0,2013,9,2,0
2013-09-05,50220.71,138.0,2013,9,3,0
2013-09-06,58640.71,183.0,2013,9,4,0
2013-09-07,47281.51,162.0,2013,9,5,1
2013-09-08,45901.53,158.0,2013,9,6,1
2013-09-09,76871.34,174.0,2013,9,0,0
2013-09-10,58969.92,191.0,2013,9,1,0
2013-09-11,40550.409999999996,140.0,2013,9,2,0
2013-09-12,37091.24,145.0,2013,9,3,0
2013-09-13,27984.0,107.0,2013,9,4,0
2013-09-14,46303.659999999996,138.0,2013,9,5,1
2013-09-15,57399.979999999996,142.0,2013,9,6,1
2013-09-16,57453.369999999995,158.0,2013,9,0,0
2013-09-17,53167.439999999995,163.0,2013,9,1,0
2013-09-18,44917.2,181.0,2013,9,2,0
2013-09-19,36486.46,147.0,2013,9,3,0
2013-09-20,51341.11,155.0,2013,9,4,0
2013-09-21,48367.899999999994,158.0,2013,9,5,1
2013-09-22,34080.71,144.0,2013,9,6,1
2013-09-23,43703.84,132.0,2013,9,0,0
2013-09-24,61835.549999999996,187.0,2013,9,1,0
2013-09-25,45559.74,151.0,2013,9,2,0
2013-09-26,32627.44,136.0,2013,9,3,0
2013-09-27,52977.829999999994,157.0,2013,9,4,0
2013-09-28,51399.02,131.0,2013,9,5,1
2013-09-29,59632.66,170.0,2013,9,6,1
2013-09-30,53368.64,173.0,2013,9,0,0
2013-10-01,65377.52,246.0,2013,10,1,0
2013-10-02,59039.03,159.0,2013,10,2,0
2013-10-03,28954.88,128.0,2013,10,3,0
2013-10-04,62806.509999999995,175.0,2013,10,4,0
2013-10-05,45182.619999999995,160.0,2013,10,5,1
2013-10-06,47996.28,173.0,2013,10,6,1
2013-10-07,52662.619999999995,146.0,2013,10,0,0
2013-10-08,49820.65,170.0,2013,10,1,0
2013-10-09,41857.23,137.0,2013,10,2,0
2013-10-10,48461.7,156.0,2013,10,3,0
2013-10-11,24474.59,112.0,2013,10,4,0
2013-10-12,52127.74,170.0,2013,10,5,1
2013-10-13,48570.28,186.0,2013,10,6,1
2013-10-14,48186.07,149.0,2013,10,0,0
2013-10-15,45295.59,168.0,2013,10,1,0
2013-10-16,67320.62,194.0,2013,10,2,0
2013-10-17,69275.23999999999,218.0,2013,10,3,0
2013-10-18,50753.42,165.0,2013,10,4,0
2013-10-19,45199.54,137.0,2013,10,5,1
2013-10-20,55474.95,165.0,2013,10,6,1
2013-10-21,66044.58,181.0,2013,10,0,0
2013-10-22,57397.35,176.0,2013,10,1,0
2013-10-23,50967.229999999996,184.0,2013,10,2,0
2013-10-24,56169.22,153.0,2013,10,3,0
2013-10-25,82236.08,180.0,2013,10,4,0
2013-10-26,63830.54,209.0,2013,10,5,1
2013-10-27,54633.229999999996,170.0,2013,10,6,1
2013-10-28,55633.92,178.0,2013,10,0,0
2013-10-29,82428.37999999999,220.0,2013,10,1,0
2013-10-30,34544.95,158.0,2013,10,2,0
2013-10-31,60570.85,177.0,2013,10,3,0
